{
  "accuracy": 0.9086538461538461,
  "precision": 0.8758465011286681,
  "recall": 0.9948717948717949,
  "f1": 0.9315726290516206,
  "roc_auc": 0.9606728029804953
}