{
  "accuracy": 0.8589743589743589,
  "precision": 0.8212765957446808,
  "recall": 0.9897435897435898,
  "f1": 0.8976744186046511,
  "roc_auc": 0.9607275914968223
}