{
  "accuracy": 0.8189102564102564,
  "precision": 0.7891440501043842,
  "recall": 0.9692307692307692,
  "f1": 0.8699654775604143,
  "roc_auc": 0.9343085689239535
}