{
  "accuracy": 0.8862179487179487,
  "precision": 0.8505494505494505,
  "recall": 0.9923076923076923,
  "f1": 0.9159763313609467,
  "roc_auc": 0.9704909051062898
}