{
  "accuracy": 0.8637820512820513,
  "precision": 0.8210526315789474,
  "recall": 1.0,
  "f1": 0.9017341040462428,
  "roc_auc": 0.964486083716853
}