{
  "accuracy": 0.8557692307692307,
  "precision": 0.8151260504201681,
  "recall": 0.9948717948717949,
  "f1": 0.8960739030023095,
  "roc_auc": 0.9713236905544598
}