{
  "accuracy": 0.8766025641025641,
  "precision": 0.838012958963283,
  "recall": 0.9948717948717949,
  "f1": 0.9097303634232122,
  "roc_auc": 0.9769669077361385
}